{"count":1,"self":89.04079999999999,"total":99.353399799999991,"children":{"InitializeActuators":{"count":1,"self":0.0029977999999999997,"total":0.0029977999999999997,"children":null},"InitializeSensors":{"count":1,"self":0.0040002,"total":0.0040002,"children":null},"AgentSendState":{"count":4915,"self":0.1050576,"total":0.11616649999999999,"children":{"CollectObservations":{"count":983,"self":0.0035797999999999997,"total":0.0035797999999999997,"children":null},"WriteActionMask":{"count":983,"self":0.0030015,"total":0.0030015,"children":null},"RequestDecision":{"count":983,"self":0.0045276,"total":0.0045276,"children":null}}},"DecideAction":{"count":4915,"self":9.3891967999999988,"total":10.116611899999999,"children":{"RayPerceptionSensor.Perceive":{"count":3932,"self":0.72741519999999993,"total":0.72741519999999993,"children":null}}},"AgentAct":{"count":4915,"self":0.0698246,"total":0.0698246,"children":null}},"gauges":{},"metadata":{"timer_format_version":"0.1.0","start_time_seconds":"1671223011","unity_version":"2020.3.30f1","command_line_arguments":"C:\\Users\\joaor\\Desktop\\CTB_SinglePlayer\\SA-Scenario.exe","communication_protocol_version":"1.5.0","com.unity.ml-agents_version":"2.0.1","scene_name":"SA","end_time_seconds":"1671223110"}}